Episode,Reward Mean,Reward Std
0,20.0,9.939818911831342
1,26.94,20.39746062626424
2,29.94,21.357350022884393
3,26.86,16.925731889640698
4,34.42,30.180848231950016
5,34.96,27.566617492902534
6,35.58,28.407104745116143
7,50.76,41.09625773717116
8,40.54,34.46169467684374
9,44.54,43.23295502276012
10,40.46,27.762716005463155
11,53.22,46.664457566760596
12,50.68,49.70691702368997
13,42.74,28.07120232551502
14,41.4,25.126878039263055
15,43.48,31.199512816709174
16,45.52,30.354070567223758
17,50.42,35.47172958850471
18,47.18,36.22192153931097
19,54.54,43.12827842610925
20,59.52,40.23045612468245
21,55.84,40.233498480743634
22,54.36,35.36594972568954
23,56.96,35.78992036872951
24,57.62,42.79994859809997
25,58.24,33.24669006081658
26,55.58,41.14126395724857
27,64.08,49.51397378518514
28,64.5,47.68574210390355
29,62.14,38.14184578648496
30,62.08,37.83111946532906
31,62.48,42.60809312794929
32,65.78,39.80567296253137
33,71.88,47.73956011527547
34,69.4,45.59166590507524
35,73.14,49.21097844993533
36,59.9,42.73090216693301
37,61.62,40.21536522276031
38,66.44,47.10972723334322
39,70.22,51.5756880710282
40,64.8,49.14631217090453
41,66.6,53.98073730507948
42,69.52,48.21171641831475
43,72.34,52.536315059204526
44,67.94,43.88139013294815
45,71.62,48.79093768313948
46,69.76,45.94063996071453
47,69.6,46.67033318929703
48,70.98,42.629327932774174
49,67.22,41.13455481708779
50,70.56,47.521851815769985
51,76.04,53.50699393537259
52,70.54,51.67560739846219
53,64.62,45.89810017854769
54,61.4,41.68884742949846
55,65.54,43.9869116897288
56,71.84,52.04819305220883
57,71.26,49.68815150516267
58,70.14,47.180508687380645
59,67.96,41.16112729262891
60,69.24,45.905363521052756
61,70.62,41.72428070081016
62,72.46,45.397889818801055
63,69.44,41.088762453984906
64,81.88,49.59743541756973
65,83.42,50.7247828975147
66,84.2,50.29035692854049
67,80.14,49.55038244050191
68,77.66,51.82571176549339
69,75.94,49.672692699309145
70,72.84,45.35917106826358
71,75.48,43.60607297154834
72,76.64,45.47164391134324
73,78.18,48.86090052383399
74,74.52,38.82125191180728
75,75.66,46.58137395998533
76,80.58,44.517003493047454
77,89.52,52.68747099643329
78,83.22,52.77245114640782
79,78.44,46.999642551832245
80,74.52,48.0363362466373
81,72.38,44.612953275926486
82,73.02,47.282762186657415
83,75.06,48.482330802056126
84,75.12,46.91935208418804
85,73.52,47.400945138256475
86,74.94,51.00369006258272
87,76.72,48.248539874280134
88,76.64,45.00078221542377
89,82.0,55.003636243433945
90,81.16,53.85178177182256
91,74.56,48.66380996181864
92,78.34,47.36142312051022
93,81.22,46.3643354314499
94,83.08,55.52074927448295
95,81.42,50.06039951898108
96,81.42,49.27152930445736
97,83.3,51.38647682026857
98,85.6,52.395419647140926
99,81.08,48.43421930825354
100,78.98,46.86768182873993
101,83.4,53.11798188937528
102,83.3,52.41116293310042
103,81.22,51.90040076916554
104,84.48,55.35096747121951
105,86.54,55.870281903709774
106,92.46,61.13958128741151
107,85.42,55.921763205392594
108,91.44,57.655584291549765
109,88.46,56.677053557855324
110,85.72,54.3330617580125
111,81.6,52.79545434978281
112,79.18,51.34420707343722
113,82.22,49.170840952743525
114,83.34,47.97316333117924
115,87.24,49.81146855895738
116,88.0,49.87223676555925
117,90.96,47.56972146229154
118,90.86,51.38132345512326
119,90.86,51.813901609510154
120,85.48,48.74227733703053
121,84.04,47.85016614391218
122,88.86,51.943049583173305
123,90.98,54.340588881608554
124,96.36,57.567963312939945
125,95.44,54.336418726301794
126,93.06,55.902203892154375
127,96.96,55.578398681502144
128,100.4,58.34792198527724
129,100.66,57.851399291633385
130,100.56,57.948998265716384
131,97.98,51.88274857792329
132,98.08,56.034931962125206
133,100.14,55.79319313321294
134,100.46,55.70716650485825
135,103.54,59.43978802115633
136,104.68,60.63775721446168
137,103.02,56.63938205877603
138,107.32,60.149959268481645
139,109.54,57.6316614370955
140,112.62,61.71900517668767
141,105.32,58.76986983140256
142,102.74,60.10318128019515
143,111.02,62.69050645831472
144,106.7,62.08228410746499
145,109.62,63.744455445160085
146,106.18,62.46877299899526
147,105.1,59.71406869406906
148,112.66,59.00630813735087
149,105.18,56.73435995937559
150,107.56,59.56783024418465
151,103.32,58.391930949404305
152,107.74,59.07006348396791
153,108.5,61.28433731386838
154,107.84,59.47011350249803
155,110.54,60.5009785044837
156,115.94,62.60236736737678
157,114.96,62.09024400016479
158,114.94,61.62188247692535
159,104.36,56.73191694275806
160,109.16,62.09939130136461
161,108.8,60.53560935515558
162,111.5,60.05772223453034
163,108.78,60.5565157518165
164,108.88,59.3149694427975
165,112.9,59.731482486206545
166,107.82,58.89098063370995
167,107.96,59.785938146022275
168,111.42,61.90447156708472
169,109.66,62.73869938084467
170,105.58,58.03967263863572
171,103.04,57.55413451699191
172,104.7,60.71910737156799
173,105.08,56.92761719938751
174,104.18,57.45526607718392
175,106.2,61.55647813187497
176,108.16,62.54897601080292
177,106.16,59.41156789716966
178,105.3,58.09827880410918
179,105.26,62.08729660727708
180,100.48,59.48856696878821
181,102.98,61.669275980831806
182,102.98,61.20146730267175
183,102.4,60.23620173948552
184,101.6,55.50423407272638
185,99.98,57.2906589244704
186,103.96,58.61977823226561
187,104.38,62.18677994558008
188,98.84,59.30509590246018
189,93.96,55.81324573969874
190,98.68,62.592791917280685
191,101.78,61.3645793597577
192,100.5,57.34814731096376
193,106.82,63.784540446725806
194,104.74,64.10859848725443
195,108.96,63.38074155451322
196,108.12,65.23423641003242
197,110.06,65.5543774282084
198,106.72,66.1168783292133
199,103.36,63.71836783848123
200,104.76,63.850625682134066
201,103.64,65.3500604437364
202,99.84,65.59126771148733
203,105.16,66.133307795694
204,102.48,65.16171882324775
205,99.2,60.27238173492069
206,100.06,62.84501889569292
207,101.76,64.60079256479753
208,103.8,64.0053122795288
209,108.08,63.60435205235566
210,98.82,60.28422347513486
211,104.58,65.06092221910168
212,107.16,61.98947007355362
213,105.82,63.21983549488246
214,108.72,63.86079861699195
215,117.62,61.6291781545073
216,112.42,61.20460440195656
217,110.04,60.92354553044331
218,105.44,61.948094401684386
219,104.36,59.8216549420024
220,107.02,61.39527343370986
221,111.44,63.6393463197101
222,117.6,63.91650803978578
223,120.9,64.73522997564774
224,118.84,63.30698539655795
225,117.28,64.90702273252101
226,114.8,63.300552920175996
227,115.24,66.8944123227045
228,116.98,64.03576813000684
229,113.22,67.93122698729945
230,115.38,66.64229587881859
231,113.72,67.7911616658101
232,113.66,65.32583256262411
233,115.46,65.510368644971
234,111.5,64.99299962303633
235,113.36,64.4961270155038
236,117.12,64.19957632258954
237,121.7,63.76527268035479
238,117.2,67.70199406221356
239,115.64,64.04272324003719
240,113.08,65.3170238146228
241,117.16,64.53754256244964
242,121.22,66.30574334098063
243,112.42,63.39434990596559
244,114.32,62.160579147881165
245,113.74,64.16940392430024
246,111.44,66.04124771686253
247,116.78,67.51719484694252
248,112.74,67.55969508516155
249,113.44,66.90236468167625
250,112.7,67.02126528199838
251,110.4,65.4586892627709
252,113.16,67.83372612498889
253,109.26,67.00621165235354
254,114.58,68.85146040571688
255,114.86,66.6738359478439
256,116.86,68.12224599937967
257,114.68,68.01542178065208
258,117.32,67.36243463533663
259,111.4,66.26371556138398
260,114.7,67.42766494548066
261,114.52,67.30653460103262
262,111.5,65.35449487219682
263,113.42,63.87396652784293
264,123.6,69.4668266152989
265,122.94,70.27073644128116
266,118.06,68.17636247263417
267,116.5,68.07943889310488
268,120.94,68.62635353856417
269,120.1,67.58616722377441
270,113.96,67.57838707752649
271,119.76,66.07679168966968
272,114.58,66.6342524532241
273,111.08,68.7525534071281
274,107.18,66.3896648583196
275,108.38,68.18676997776036
276,110.42,70.93887227747564
277,108.88,71.0866063334015
278,110.64,69.61573385377761
279,106.72,67.158034515611
280,111.46,69.29537069675001
281,108.5,67.71240654414817
282,106.36,68.92336613950307
283,104.36,66.06504673426032
284,96.48,64.20537049188331
285,108.84,70.86363242171545
286,109.58,67.41901512184822
287,102.26,67.67475452485957
288,104.66,69.50557099974074
289,96.14,62.25175017619986
290,103.28,66.08480612062048
291,103.54,63.54532555585816
292,104.58,63.99252768878566
293,107.72,66.01516189482534
294,109.24,65.12497523991851
295,111.8,64.12051153882042
296,107.82,62.10883673037195
297,102.12,60.64804695948584
298,105.06,61.39231548003383
299,107.38,65.8995872521217
300,109.26,66.71425934536033
301,108.0,61.77248578453032
302,107.06,62.94391471778667
303,110.5,63.50188973566062
304,112.2,65.50908333964078
305,108.8,62.9288487102696
306,103.22,62.34814832855905
307,103.6,61.58831057920001
308,105.76,64.5329559217614
309,102.74,63.00692342909626
310,102.86,61.105485842107505
311,105.32,64.13187662933309
312,106.04,64.97321294195017
313,106.18,66.80828990477156
314,104.16,64.70219779883833
315,104.72,64.5891755637119
316,103.12,64.83105428727809
317,104.48,65.71917224067874
318,98.58,64.68418353817262
319,99.84,62.95215961347156
320,101.44,65.05018370458303
321,102.06,64.43924580564239
322,104.38,62.87507932400564
323,110.68,64.79334533731067
324,113.38,64.51105021622266
325,113.26,65.44701979464
326,114.38,67.07813056429048
327,110.98,67.58949326633542
328,113.8,69.67639485507269
329,111.88,67.24511580776704
330,110.36,69.10448900035367
331,106.58,66.44639644104112
332,110.58,68.92433242331767
333,104.46,66.12449168046587
334,96.02,63.342715445424346
335,98.6,63.64275292600094
336,98.66,65.78833027216909
337,99.64,63.68383154302197
338,99.24,64.02985553630431
339,98.8,64.11957579398042
340,103.5,67.93092079458367
341,102.2,64.85584013795521
342,97.16,62.0010838614939
343,95.4,63.46715686085203
344,97.22,63.49024807007766
345,98.14,65.67374208920944
346,97.18,63.93142889064814
347,98.2,65.40091742475789
348,102.86,65.66003655192404
349,104.48,67.43567008638676
350,96.88,65.15570274350512
351,97.94,66.16688295514608
352,97.24,62.063696312739864
353,97.52,63.048946065735315
354,102.04,62.98474735997596
355,99.64,62.94974503522632
356,102.18,63.975210824193475
357,102.92,62.07570861456195
358,104.52,62.29518119405386
359,104.94,62.76795679325558
360,107.6,62.80987183556419
361,112.24,65.60809706126219
362,113.7,68.54845001894647
363,115.18,69.22765054513982
364,112.12,68.6768199613232
365,114.76,71.18948236923768
366,110.8,71.11821145107632
367,112.04,70.40595429365331
368,111.7,68.03565241841956
369,107.86,68.04733940427062
370,110.44,67.02064159645147
371,110.08,65.11185452742075
372,105.46,64.97759921696094
373,107.94,67.50626933848442
374,108.5,66.92719925411491
375,106.84,65.76027980475752
376,108.16,66.05160406833433
377,109.16,64.06757682322626
378,110.4,66.85865688151384
379,109.94,63.35531864018995
380,112.56,66.10027533981987
381,110.52,65.45754043653031
382,111.8,64.43011718133066
383,115.6,67.59289903532768
384,113.84,63.756524372020166
385,113.54,62.578977300687804
386,119.74,65.92990520241932
387,121.38,67.07157072858813
388,120.44,66.43919325217608
389,117.66,66.21800661451536
390,120.0,66.1873099619557
391,125.06,67.34936079874849
392,123.44,68.60325356715963
393,121.38,71.20305892305468
394,121.02,69.19493912129703
395,116.14,67.84453109868178
396,116.2,64.28810154297607
397,123.34,68.17407425114037
398,123.82,68.60165887207103
399,120.96,67.11928485912226
400,121.08,67.00323574276096
401,120.9,65.63939365960049
402,118.54,66.59375646410105
403,116.46,65.97915125249794
404,118.48,65.45631825882052
405,118.66,65.42097828678504
406,119.38,67.2484616924432
407,117.24,65.61632723644321
408,116.04,65.43361827073298
409,119.26,66.21987919046667
410,118.1,66.6760076789245
411,118.38,65.24320347745042
412,119.3,66.31960494454111
413,117.58,66.19519317896126
414,118.34,66.11130311830193
415,121.02,65.39923241139762
416,120.98,66.5403606843245
417,119.34,66.23763582737536
418,121.52,66.00613304837665
419,115.74,66.62876555962897
420,116.34,64.17931442450907
421,125.54,67.04750852940026
422,119.9,65.94641764341713
423,122.82,66.69413467464736
424,125.32,65.62269119748137
425,122.42,66.50656809669252
426,121.12,67.53358868000426
427,121.34,66.1929331575509
428,126.84,66.84739635917019
429,127.96,66.42197226821861
430,122.82,66.68663734212424
431,127.74,66.30559855698462
432,129.58,66.16739076010177
433,132.38,66.44212218164017
434,123.06,65.04626353604026
435,125.38,66.90856148505958
436,124.8,65.36574026200576
437,128.64,66.22771625233653
438,130.68,66.89856201743056
439,127.82,64.18993379027587
440,127.82,65.25570932876296
441,126.36,66.625148405088
442,125.06,65.14212461994158
443,127.48,65.98158530984232
444,129.12,66.40651775240137
445,126.98,66.0374106094417
446,122.18,65.99748177014028
447,122.56,66.9895991927105
448,123.64,66.65005926478986
449,126.02,63.44682497966309
450,125.06,64.70283146818228
451,123.86,65.62835058113224
452,128.54,66.36421023413146
453,126.52,64.744803652494
454,127.72,64.92520003819781
455,126.84,64.8599599136478
456,122.64,64.57886960918408
457,125.04,64.14326465031228
458,129.62,66.03177719855796
459,128.68,64.98628778442419
460,129.64,64.38408499000356
461,131.52,65.09354499487641
462,130.62,64.87307299642897
463,128.26,66.07323512588134
464,133.28,66.8278504816667
465,129.32,65.59251176773152
466,130.84,66.74289774949843
467,126.76,64.0089243777772
468,132.42,66.10812052993185
469,132.46,66.38921900429317
470,130.48,67.84666240869923
471,129.4,67.29041536504288
472,130.96,65.64966412709208
473,134.26,66.01660700157196
474,131.46,64.96867245065116
475,128.06,66.30004826544244
476,126.26,66.02054528705438
477,130.08,67.42783994760619
478,129.1,65.67868756301391
479,128.58,67.79353656507381
480,127.08,68.50922273679656
481,126.44,68.16748785161441
482,125.64,68.12099823108878
483,127.12,68.41392840642904
484,129.16,69.27809466202142
485,129.96,67.63341186129826
486,128.2,69.60402287224495
487,129.82,69.79532649110543
488,131.22,67.87673828345024
489,129.28,69.96371631067063
490,132.08,70.2549186890142
491,130.02,71.81629063102606
492,129.02,68.92241725302443
493,129.82,67.10966845395677
494,120.04,69.77190265429202
495,121.14,70.08908902247195
496,119.02,70.7266540987201
497,121.32,69.38513961937383
498,122.84,70.82636797125772
499,124.72,70.33350268542013
500,122.36,69.76983875572594
501,122.36,67.85919539752884
502,125.66,69.8050456629032
503,121.12,68.20077418915416
504,125.56,68.68949264625559
505,122.34,67.00913669045441
506,118.26,64.67822199164105
507,115.96,65.83159120057786
508,115.52,65.34255581166076
509,122.94,67.0618848527239
510,120.8,66.60240235907413
511,122.1,67.63113188465796
512,121.24,66.95238905371488
513,121.88,66.14306917584032
514,122.96,67.91346258290768
515,117.16,67.27714619393423
516,121.0,67.85278181474949
517,120.82,66.17512825828145
518,119.18,66.98587612325451
519,118.34,65.07368438931364
520,119.32,64.30005909795108
521,120.9,66.8234240367852
522,120.52,64.93450238509571
523,122.56,68.2601377086217
524,119.36,66.35895116711838
525,118.26,64.24696413061088
526,118.78,65.61807372972785
527,122.94,66.31874848035058
528,118.7,67.89941089582443
529,118.3,66.15746367568818
530,119.7,65.16540493237191
531,115.12,63.61780882740305
532,115.3,64.46557220718668
533,115.34,63.1641068962429
534,113.28,64.80155553688506
535,112.22,68.19392641577402
536,113.14,66.78473178803671
537,117.02,68.43288390824983
538,120.76,67.41292457681983
539,123.46,68.18481062524117
540,120.9,69.25727398620309
541,118.62,67.89959940971671
542,114.1,69.72209119066923
543,118.9,69.73098307065518
544,115.88,69.45232609495524
545,119.94,72.49038832838461
546,119.36,72.55115712378405
547,119.84,74.3307096696917
548,118.42,72.67436687030718
549,120.64,73.60183693359834
550,117.66,73.82536420499393
551,112.88,72.18577145116619
552,116.3,72.76599480526602
553,120.6,73.12865375487232
554,116.78,72.39013468698619
555,120.26,72.51753167338227
556,122.84,73.4907776527096
557,118.48,72.21973137585046
558,116.3,69.8318695152865
559,118.86,70.41051341951712
560,119.84,71.7889573681078
561,116.56,72.26455839483141
562,118.14,72.72908909095452
563,112.94,71.12479455154862
564,118.08,71.58375234646478
565,115.62,71.90518479219702
566,116.64,73.13323731382332
567,116.66,71.07365475336132
568,119.54,72.6204406486218
569,119.78,71.6550877467888
570,111.8,71.57066438143497
571,114.82,72.63516779081603
572,114.5,71.37905855361221
573,119.34,71.41165451101102
574,120.9,71.48601261785414
575,117.26,71.25385884287249
576,122.22,72.12053521709333
577,124.22,72.29392505598241
578,120.46,71.74376906742494
579,120.94,71.75720451634106
580,116.96,72.36406843178456
581,115.36,72.3565504982099
582,117.5,73.62126051623946
583,114.86,71.41652749889202
584,120.5,71.5486547742164
585,122.3,71.55983510321974
586,119.82,70.11980889876983
587,118.66,73.19442874973478
588,121.58,71.69632905525917
589,121.84,71.07161458697838
590,124.3,69.71549325652083
591,121.58,70.8231854691668
592,120.0,71.54075761410414
593,120.06,71.30733763084976
594,117.24,70.30065718042754
595,120.94,69.47500557754564
596,120.46,69.38449682746139
597,120.78,69.21135455978305
598,124.96,67.95232446355313
599,126.88,67.5282577888694
600,125.28,67.2312546365156
601,123.18,66.4971247498717
602,122.96,67.06741682814392
603,120.5,68.68486004935876
604,120.8,66.43944611448835
605,124.2,67.18035427117066
606,118.82,66.4203854249582
607,121.4,67.2933874908969
608,120.56,67.8000471976237
609,122.72,67.53755695907279
610,120.72,70.26465398762026
611,121.16,71.29666471862481
612,120.26,68.96399350385677
613,120.58,70.12306040098363
614,117.46,69.96033447604434
615,119.78,70.26244800745276
616,121.18,70.78493907604921
617,124.42,69.27946015955955
618,121.36,69.09349028671222
619,122.36,68.95933874392937
620,124.64,69.85635547321377
621,127.44,70.6926191338247
622,126.42,72.6066360603492
623,123.68,69.993553988921
624,125.32,70.7503893982217
625,127.08,71.24797260273446
626,124.82,71.16675909439742
627,124.94,71.46786970380465
628,126.98,71.15433648063905
629,125.78,70.4812854593331
630,122.08,69.68122846219057
631,119.96,67.92730231652072
632,124.6,67.18868952435372
633,126.06,68.29301867687504
634,127.3,69.22867902827556
635,127.2,69.93825848561
636,125.06,70.08007134699565
637,122.48,69.44126726954225
638,123.04,69.73491521468998
639,125.68,70.98575631772896
640,122.0,71.61312728822837
641,122.28,71.01184126608744
642,124.58,73.04768031909022
643,124.48,70.51247832830727
644,123.7,69.58139119046128
645,128.92,71.88180298239607
646,133.92,72.17640611723472
647,134.58,71.0684430672292
648,129.84,72.04175455942199
649,130.3,72.31548935048424
650,131.08,70.90637206908839
651,132.12,70.91534107652588
652,131.92,71.60023463648706
653,129.22,69.30924613642827
654,129.78,69.32540371321325
655,131.76,69.45978980676517
656,127.48,70.63971687372481
657,128.26,70.38488758249174
658,128.62,69.73403473197288
659,129.14,69.83666945094103
660,129.78,69.85335782909796
661,128.86,68.09199953004757
662,131.02,68.96854065441721
663,127.86,68.40555825369749
664,129.7,69.14629418848129
665,128.1,69.13125197766927
666,122.86,70.12503404633755
667,122.56,70.41652078880352
668,124.8,71.01408311032398
669,127.24,72.23117332564937
670,121.56,71.84432058277119
671,122.8,71.44676339765154
672,123.7,70.76305533256743
673,122.1,70.2963014674314
674,124.66,71.95682316500638
675,125.2,72.69277818325558
676,125.24,72.7097132438301
677,125.1,72.37990052493855
678,123.26,70.61325937810828
679,122.32,71.67326977332623
680,123.34,71.34833144510108
681,120.64,71.05455931887835
682,119.96,69.43859445582119
683,122.64,70.640430349765
684,122.96,71.85623424588852
685,120.94,71.39619317582695
686,122.52,70.80486988901256
687,125.6,71.6150822103836
688,124.04,71.11116930553176
689,124.3,72.35088112801392
690,123.68,70.6610048046304
691,122.74,71.04838069935163
692,127.06,72.06341929162117
693,128.46,71.9717194459046
694,130.96,72.35411805833861
695,129.78,72.48373334755875
696,132.86,72.68617750301632
697,133.9,72.90329210673549
698,134.64,74.05180889080293
699,134.46,73.38506932612383
700,133.54,74.28141355682455
701,133.38,73.43756259571802
702,137.78,71.85326436565006
703,138.5,71.45103218288732
704,137.7,72.46026497329419
705,138.18,73.00950349098396
706,136.9,73.24677467301888
707,137.98,72.49151398612116
708,138.48,71.46222498635207
709,137.8,71.99722216863647
710,136.28,72.35994472081912
711,134.6,71.69518812305326
712,134.58,71.73509322500387
713,135.46,72.23163019065812
714,135.4,72.07579343996149
715,136.52,70.47985244025415
716,139.4,69.65917025058508
717,137.7,69.07365633872296
718,134.28,69.70194832284102
719,139.44,68.48128503467204
720,140.9,69.58110375669533
721,141.14,68.22990839800389
722,139.62,67.82415204040518
723,133.92,69.12100693710991
724,134.24,72.42418380623974
725,132.94,72.1477400893472
726,128.54,72.57278002116219
727,129.54,70.63178038248789
728,128.22,70.239387810544
729,130.58,70.22167471657167
730,126.18,69.65850701816686
731,128.92,71.00220841635846
732,125.84,71.59842456367318
733,127.16,70.03780693311293
734,126.02,71.91035808560545
735,125.46,70.85484034277404
736,126.1,72.24243905074081
737,127.66,71.35029362238113
738,130.34,70.33480219635229
739,133.12,68.60718329737783
740,131.12,71.6691398022887
741,130.0,72.22132649017186
742,130.0,72.06080765575696
743,131.48,71.74015333131092
744,131.54,72.40116297408491
745,131.94,71.618268619117
746,132.68,72.18571603856265
747,131.3,71.81343885374102
748,130.12,71.15971894267149
749,132.3,70.88617636746957
750,133.82,70.82504924107008
751,135.94,71.7368552419187
752,133.5,70.12167995705751
753,132.96,71.50663186026873
754,132.42,71.39722403567241
755,128.36,70.963866861946
756,130.76,71.2498589472288
757,132.92,69.48175012188453
758,132.58,68.23022497398055
759,133.82,71.0089261994575
760,129.52,71.16944288105675
761,128.96,70.92558353654908
762,129.72,72.18588227624566
763,131.18,70.76798428668151
764,134.98,71.85805174091487
765,129.74,71.38678028879016
766,132.04,72.233222273411
767,130.0,71.04139638267254
768,131.26,69.80538947674457
769,130.3,69.15988721795314
770,131.32,67.97718440771138
771,134.34,66.59477757301994
772,133.1,70.57060294485234
773,136.26,67.86363090787289
774,130.7,72.28146373725423
775,132.5,71.35159423586835
776,133.38,70.91682169979138
777,131.96,69.02404218821148
778,130.84,70.14452508927552
779,131.0,69.12423598131122
780,134.04,70.38407774489907
781,137.62,70.7841479428834
782,136.86,69.41613933373131
783,137.04,69.49185851594413
784,141.12,70.29328275162571
785,140.68,70.47480117034738
786,140.2,68.18093575186542
787,142.92,69.64275698161293
788,144.88,67.991070001876
789,147.04,67.47650257682301
790,143.6,68.9785473897501
791,145.5,67.81187211690884
792,144.12,67.45595303603679
793,139.92,68.52702824433584
794,142.5,69.00760827618937
795,141.66,69.78269412970525
796,140.1,69.37038272923107
797,141.66,69.95730412187136
798,142.0,71.2808529690828
799,145.96,70.67983022050915
800,146.02,70.6525272017923
801,145.62,68.57459879576403
802,145.6,68.05644715969238
803,142.3,68.01595401080544
804,143.46,69.89369356386884
805,140.78,69.69599414600526
806,141.92,70.20821604342328
807,142.94,70.04495984722955
808,137.96,73.0969110154458
809,140.02,72.01568995711976
810,137.08,71.51275131051807
811,136.94,71.69223388903433
812,137.76,71.85306117348098
813,136.28,71.78329610710279
814,136.1,71.6539601138695
815,136.46,72.1407540853296
816,136.58,71.16659047614968
817,136.54,70.91606588072973
818,137.16,72.29809402743615
819,136.78,70.23483181442097
820,131.4,70.37812160039512
821,132.04,70.57958911753454
822,125.22,70.76108817704826
823,128.58,72.31240280892344
824,126.02,71.2944570075402
825,122.44,69.67069972377197
826,130.52,71.6319035067476
827,133.12,72.06126282545983
828,132.2,71.07854809997177
829,134.64,70.80727646223939
830,133.2,71.05209356521453
831,131.32,73.33878646391688
832,127.3,70.24393212228371
833,134.54,71.0867667009831
834,133.78,71.89834212274997
835,129.58,73.15875614032814
836,125.38,72.74830307299271
837,132.04,72.96600852451778
838,127.18,75.18156422953702
839,124.06,74.14456419724914
840,123.76,74.56072961016409
841,120.82,74.46279339374799
842,117.08,72.24841589958912
843,117.8,72.44501363102916
844,116.74,74.59458693497807
845,114.56,73.21288411201952
846,118.72,74.8924669108983
847,121.18,75.00898346198274
848,120.26,75.44025715756807
849,121.78,75.0960158730142
850,124.38,74.97836754691315
851,118.8,75.78073633846533
852,119.12,74.43645343512814
853,115.5,75.75123761365222
854,111.0,74.43063885255856
855,114.44,75.05602174376152
856,112.02,73.2918794956167
857,113.7,72.4677169503773
858,105.64,71.63344470287603
859,110.2,71.90104310787153
860,111.94,72.59047044895081
861,112.62,73.51214593521264
862,116.02,73.73397859874375
863,112.88,74.56236047765655
864,110.84,74.62529329925611
865,111.1,73.44446881828475
866,113.12,74.03611010851395
867,116.3,73.82093199086557
868,114.58,74.0818709266984
869,118.88,76.72565151238534
870,119.26,76.1529539807879
871,118.9,76.21712406014807
872,120.98,77.0177875558627
873,118.84,76.35453097230052
874,119.36,76.46012294000056
875,117.1,77.43287415561944
876,116.6,76.45809309680695
877,120.2,77.67084395060996
878,119.06,77.57020304214758
879,120.78,77.37474781865205
880,119.52,75.21681726848058
881,122.36,75.61554337568434
882,122.28,76.13095034215715
883,117.94,74.69656216988838
884,120.8,75.44799533453492
885,119.96,73.30919724018263
886,118.94,75.81224439363339
887,120.68,73.67290953939583
888,121.12,73.63060233354062
889,122.68,75.77372631724008
890,122.9,74.47073250613288
891,121.62,73.72323649976309
892,122.38,74.96129401231012
893,123.58,74.67210724226284
894,122.58,74.38120461514455
895,122.86,75.20000265957444
896,123.58,74.60082841363092
897,121.52,74.71820126314606
898,120.72,74.27571339273692
899,124.4,75.01653151139419
900,124.06,74.10787002741343
901,125.44,74.3771900517894
902,126.96,74.63644150145423
903,123.76,75.01241497245638
904,124.4,74.09723341663978
905,123.04,74.38385846405119
906,125.94,74.26665739078338
907,123.12,73.50010612237237
908,123.52,74.0214131180971
909,124.14,74.60268359784385
910,123.36,74.29071543604893
911,123.8,73.56194668441013
912,123.86,74.13366576664075
913,125.3,74.23617716450651
914,125.9,75.10053262128041
915,124.06,74.46137522232584
916,123.18,73.79937398108468
917,123.0,74.60697018375696
918,123.62,73.33154573578823
919,124.88,74.15002090357088
920,127.86,75.18138333390787
921,125.74,75.18399031708812
922,124.24,74.3218837220909
923,123.92,73.43645960965166
924,121.26,73.016384462667
925,119.1,74.18335392795338
926,120.28,73.67687289780966
927,119.86,73.75391786203632
928,125.42,74.2934963506228
929,125.16,74.06763395708008
930,121.06,75.37729366327768
931,120.84,74.97929314150673
932,122.2,75.81662086904164
933,122.08,74.51519039766319
934,122.46,75.28644233857779
935,119.62,75.26802508369673
936,119.46,75.55242153630817
937,122.16,74.33070966969171
938,123.48,74.6823245487177
939,121.4,73.26499846447825
940,123.54,73.57124710102445
941,120.6,74.73366042152627
942,120.08,74.72906797224225
943,120.02,74.16670142321284
944,119.14,74.34756485588481
945,117.32,72.83390419303363
946,119.28,73.88072549724998
947,119.36,74.31278759406084
948,119.2,75.10898747819729
949,118.66,74.21849095744268
950,121.46,75.9884754420037
951,123.06,76.49585871143613
952,119.72,74.41291285791732
953,121.46,74.91894553449082
954,119.38,74.70954155929482
955,117.6,74.54958081706428
956,118.6,73.85634705291076
957,119.44,73.26968267980966
958,119.06,74.3831728282681
959,121.86,73.4740797832814
960,122.44,73.89239744385074
961,119.86,74.82005346162218
962,117.28,73.6258215573857
963,117.12,73.4260553209826
964,117.54,74.23912984403844
965,115.26,72.67979361555729
966,114.54,72.97402551593272
967,116.32,73.90519332225576
968,114.9,73.86453817631298
969,117.14,73.65677429809155
970,115.1,73.15579266196217
971,116.78,71.63973478454537
972,118.6,73.07037703474646
973,121.6,73.10978046745865
974,120.18,72.09596105192026
975,119.62,71.85927636707733
976,118.9,73.06770832590824
977,118.66,72.79796975190997
978,120.06,72.56015711118603
979,125.64,72.96540550151148
980,124.82,74.54440019210028
981,125.44,74.3696604806019
982,126.6,74.20970286963825
983,124.76,72.9428707962608
984,126.48,72.6592705716208
985,128.64,73.22533987630237
986,128.06,73.95252801628894
987,123.6,75.05811082088331
988,122.94,74.94649024470726
989,124.24,75.03454137928746
990,123.8,74.87482888127357
991,128.36,75.12356754041969
992,122.7,75.2933596009635
993,119.56,74.59199957099959
994,121.26,74.65301333502889
995,119.76,74.37783540813756
996,120.5,74.36215435286958
997,119.58,73.90726351313516
998,122.2,75.11910542598335
999,122.32,75.59032742355333
1000,121.5,75.86810924228968
1001,121.96,75.14864203696565
1002,122.44,75.56643699421059
1003,123.3,74.55715928064856
1004,122.28,77.12795602114709
1005,120.9,76.98240058610801
1006,117.62,75.90886377755893
1007,118.84,74.28253092080263
1008,121.42,75.04347806438611
1009,116.64,75.61554337568434
1010,118.4,76.46881717406123
1011,119.98,76.47757579839988
1012,117.76,75.54086576152011
1013,116.08,74.61684528308605
1014,116.04,74.65653621753422
1015,116.64,75.5859140316501
1016,116.34,73.77197570893706
1017,119.48,75.87416951769555
1018,117.64,74.0526191299133
1019,119.06,75.14210803537522
1020,118.0,74.23099083267041
1021,118.76,74.46034112196908
1022,119.18,75.50594413686912
1023,121.96,75.7326772272049
1024,124.38,74.68196301651422
1025,123.58,75.5367698541578
1026,125.68,74.09816192052268
1027,124.64,73.25401285936492
1028,123.1,73.65140867627721
1029,123.08,73.22454233383776
1030,124.2,73.75038982947818
1031,128.56,74.28193858536541
1032,128.06,73.77110816573109
1033,126.76,72.77405032015189
1034,127.1,73.26260983612308
1035,126.02,73.74320036450818
1036,128.3,72.736304552816
1037,129.82,73.89308222019163
1038,129.44,73.27077452845712
1039,128.6,73.86013809897732
1040,132.2,73.6486252417518
1041,131.78,73.56909405450091
1042,127.22,72.79156269788417
1043,128.84,72.61194392109331
1044,128.06,72.79104615266907
1045,129.06,71.44155933348598
1046,127.62,71.66837238280218
1047,128.12,72.09123108950214
1048,126.7,72.84785515030623
1049,129.18,73.84949288925417
1050,131.02,73.5590891732626
1051,129.08,73.70965744052812
1052,130.98,73.14765614836881
1053,126.64,72.60434146798661
1054,131.74,72.2445319730151
1055,134.42,73.62556349529694
1056,132.46,72.43016222541546
1057,134.34,73.23649636622439
1058,133.34,72.41011255342723
1059,135.98,75.11630715097756
1060,134.74,73.29442270732474
1061,134.62,72.12097891737189
1062,136.4,72.7774690409058
1063,136.72,71.60950774862233
1064,137.12,69.545277337861
1065,138.98,69.71211946283084
1066,138.18,71.75923355220564
1067,139.52,72.72942733172042
1068,139.52,72.431275012939
1069,137.44,71.94947115858463
1070,138.66,72.10647959788358
1071,139.86,72.81840701361159
1072,140.6,72.78516332330375
1073,136.86,72.22271387866839
1074,136.4,71.7515156634339
1075,135.7,71.81427434709619
1076,137.96,72.71422419306968
1077,138.06,72.30557654842399
1078,139.06,73.06802583893997
1079,137.5,72.4210604727658
1080,138.88,73.0029150102926
1081,138.0,71.81392622604615
1082,139.1,72.53199294104634
1083,138.56,72.29112255318769
1084,139.06,72.08756064675792
1085,138.74,72.23788756601344
1086,139.16,72.76382617757261
1087,137.26,72.24120984590442
1088,137.24,72.13974216754589
1089,139.52,72.42078154784028
1090,138.4,72.07079852478397
1091,139.98,72.35647586774802
1092,139.66,72.41315073935121
1093,136.54,72.54438916966633
1094,131.36,72.4650978057713
1095,137.82,71.81662481626383
1096,136.36,71.81525186198266
1097,136.76,73.48321168811283
1098,136.68,73.39412510548786
1099,138.04,74.16467083456921
1100,138.1,74.36484384438658
1101,134.86,75.45913066024548
1102,130.08,75.12385506615058
1103,133.46,75.96083464523018
1104,132.26,74.7659842441735
1105,135.58,76.71899112996729
1106,131.9,74.98166442537801
1107,134.66,74.78411863490804
1108,134.66,75.0494796784095
1109,136.16,76.09398399348007
1110,135.34,74.59775063632951
1111,136.18,74.97164530674246
1112,134.0,73.99567554931842
1113,132.98,74.03471888242704
1114,132.68,73.88516495210659
1115,133.34,75.19324703721736
1116,135.12,75.17809255361564
1117,131.68,75.84548503371838
1118,133.28,75.42069742451338
1119,132.2,74.75881218960077
1120,132.78,75.6717358067066
1121,133.98,75.21369290229006
1122,133.76,74.59344743340395
1123,130.74,73.95912654973692
1124,135.04,74.0966827867483
1125,137.6,74.31850375243032
1126,139.98,75.47860359068655
1127,140.76,74.9660082970942
1128,138.9,74.22054971502165
1129,137.84,74.23270438290659
1130,140.12,74.25055959385088
1131,139.62,74.80852625202557
1132,139.46,73.70840114939408
1133,140.64,74.39106397948613
1134,138.58,74.95627792253296
1135,138.9,74.05599233012815
1136,139.84,75.07898773957997
1137,142.1,75.35230587049078
1138,141.22,75.23411194398454
1139,141.38,76.09096924077129
1140,139.84,75.25778630812896
1141,139.88,75.22755878001091
1142,140.0,75.3962863806965
1143,140.18,75.2504325568963
1144,140.22,75.01340946790782
1145,137.52,74.79605337181901
1146,139.68,75.36217618938561
1147,135.94,75.99747627388687
1148,136.22,74.80595965563174
1149,139.44,75.67540155162706
1150,137.78,74.937384528685
1151,137.24,74.18586388254839
1152,136.1,77.1129690778406
1153,133.06,76.6632663014041
1154,133.54,76.43643372109925
1155,133.62,76.16636790605153
1156,133.06,76.43910255883438
1157,132.32,76.40194761915433
1158,132.7,77.38533452793237
1159,131.46,76.64886430991653
1160,137.14,76.00184471445414
1161,131.86,77.56881074246269
1162,131.24,77.10215561188934
1163,132.24,77.78086139918997
1164,137.88,76.44570360720085
1165,136.36,76.32660348790586
1166,134.42,75.26329517101946
1167,130.74,75.48928665711448
1168,134.46,76.49423769147583
1169,133.32,76.73185518414108
1170,131.82,75.72019281539107
1171,133.18,76.7118478463399
1172,133.84,76.37914898714176
1173,130.46,76.24466145245843
1174,132.14,75.69121745618843
1175,133.46,76.08027602473587
1176,131.82,76.7001147326391
1177,132.28,76.34475489514652
1178,133.92,76.25636760297463
1179,134.7,76.80527325646332
1180,137.58,77.56960487201157
1181,137.88,77.74127346525782
1182,135.94,77.17626837312103
1183,137.94,77.39622988233987
1184,132.78,76.28900051776795
1185,132.14,75.71182470393912
1186,133.58,74.962147781397
1187,133.8,75.71763334917436
1188,136.58,75.32810630833619
1189,136.62,76.32532738219993
1190,138.22,76.45973842487301
1191,136.54,76.54102429416528
1192,133.48,76.95095580952844
1193,133.06,77.53641982965166
1194,132.18,74.65003415940275
1195,130.32,76.3136789835217
1196,126.44,75.319893786436
1197,127.28,77.33228045260272
1198,127.72,76.96337830422986
1199,129.44,76.43720560041426
1200,127.28,77.09787026889913
1201,123.32,77.78520167743991
1202,124.0,77.91456859920358
1203,125.84,79.18847390877033
1204,124.52,78.30076372552185
1205,126.5,77.5072254696296
1206,126.56,78.94305795951915
1207,125.12,77.72995304256914
1208,128.3,78.15503822531214
1209,128.62,77.58734175108721
1210,131.06,76.32441549071962
1211,133.3,76.71981491114275
1212,130.78,76.3859384965584
1213,126.66,78.52632934245686
1214,127.3,78.31098262695981
1215,125.82,76.31584108165225
1216,124.66,78.11059083120546
1217,125.18,77.86929818612724
1218,125.44,78.13172467058435
1219,126.36,77.60380403047263
1220,126.32,77.65267284517644
1221,128.38,78.23142335404616
1222,127.16,77.34348324196421
1223,124.76,77.49414429490785
1224,124.24,77.12731293128266
1225,125.76,76.64530253055305
1226,124.72,76.06419394169639
1227,128.18,78.05016079419694
1228,127.26,77.25330025312836
1229,126.46,77.40031266086721
1230,127.72,76.70177051411525
1231,128.2,77.4529534620856
1232,129.04,75.67772723860038
1233,131.18,76.0583170994468
1234,128.34,76.70191914157037
1235,129.82,75.49667277436801
1236,125.14,75.23829078335045
1237,127.64,75.71677753312011
1238,127.38,75.53539302869879
1239,127.26,74.65622813938568
1240,128.02,75.13547497687094
1241,125.8,75.52377109228591
1242,129.04,77.10718773240274
1243,123.42,74.68897910669284
1244,126.82,74.64628322964244
1245,127.48,72.8525195171725
1246,124.68,75.24637931488799
1247,124.68,74.34014796864481
1248,124.42,74.03785248101136
1249,122.78,75.60959991958693
1250,124.34,76.55706629697875
1251,123.4,76.97921797472355
1252,124.28,76.34003929786779
1253,125.58,76.99742593100112
1254,125.04,76.55872517224931
1255,125.56,75.19631905884755
1256,128.36,74.84965196979876
1257,127.34,74.22899972382764
1258,127.32,73.01463962795405
1259,125.94,73.19082182896977
1260,126.52,73.65629368899849
1261,124.8,73.75283045415954
1262,125.92,73.29033769877171
1263,125.94,73.12411640491801
1264,127.28,72.27255080595954
1265,126.72,72.4588269295053
1266,128.44,72.73133025044984
1267,132.46,73.87562791611317
1268,128.46,74.68311991340481
1269,128.16,74.34846602318035
1270,127.54,74.76475372794323
1271,131.0,75.54098225466757
1272,131.78,75.08802567653515
1273,129.46,74.76207862278842
1274,131.76,75.4147359605535
1275,131.2,73.75988069404671
1276,131.88,75.63428852048521
1277,131.98,74.20147976961103
1278,135.92,73.92288955391284
1279,134.6,73.94051663330463
1280,134.24,73.40205991659906
1281,137.88,72.42586278395308
1282,136.38,71.85287468153241
1283,138.96,72.16535456851851
1284,137.1,71.83543693748926
1285,136.5,71.74294390391294
1286,134.7,70.90394911427713
1287,136.12,71.06184348861207
1288,134.42,70.89769812906482
1289,135.44,70.60571081718534
1290,133.3,71.02288363619152
1291,134.12,70.68172040916946
1292,134.22,71.17676306211179
1293,136.28,70.89740192700998
1294,136.14,71.17808932529731
1295,135.78,71.05470849985944
1296,134.68,71.46116147950579
1297,135.48,70.89632994732521
1298,134.82,70.87670703411662
1299,133.16,70.2798292542035
1300,134.9,71.14527391190504
1301,134.24,70.93844091886993
1302,136.66,69.73768278341348
1303,139.74,69.60914020443006
1304,139.42,69.96944761822832
1305,140.88,70.08755667021072
1306,140.78,70.35319182524701
1307,139.74,70.1996609678423
1308,137.02,70.06468154498387
1309,136.86,70.14984248022228
1310,135.24,69.51102358619099
1311,135.58,69.99773996351595
1312,133.52,68.88838508776351
1313,132.0,69.13002242152103
1314,131.28,70.21311558391353
1315,130.86,69.78682110542077
1316,127.34,69.55418319554907
1317,129.94,70.56951466461987
1318,133.5,69.31038883168958
1319,135.06,69.14258022376657
1320,132.14,69.6884524150164
1321,134.54,68.58898162241512
1322,133.54,68.799479649195
1323,132.34,69.48571363956766
1324,134.16,69.80268189690135
1325,137.76,69.85944746417623
1326,136.2,70.98225130270247
1327,133.66,72.02044431965133
1328,131.2,71.52230421344102
1329,132.16,71.70867729919443
1330,132.42,71.14551004806977
1331,133.22,70.8158993447093
1332,134.02,70.85491937755629
1333,136.72,70.3818271999243
1334,138.06,70.61512869067082
1335,136.02,70.34983724217135
1336,133.18,70.91253485809122
1337,134.58,71.24832348904776
1338,136.12,70.67125016582061
1339,136.7,70.82690166878683
1340,139.42,70.8855669371417
1341,135.08,69.24213745978675
1342,137.5,70.93807158360029
1343,135.42,69.60174997799986
1344,135.0,69.02521278489476
1345,134.42,69.50110502718645
1346,134.56,69.63566902098377
1347,135.52,70.03234681202682
1348,135.72,70.5336912404278
1349,135.5,70.02920819201086
1350,136.58,70.33636044038671
1351,134.34,69.03784759101342
1352,133.74,68.60169385663885
1353,135.44,69.22200806102062
1354,135.34,69.11515318654804
1355,137.66,70.13290525851612
1356,137.86,70.57903654768883
1357,137.82,70.3237342580725
1358,137.22,70.78284820491474
1359,138.62,70.9805297247069
1360,134.86,69.75442925004832
1361,136.8,70.6727670322876
1362,139.92,71.28305268435129
1363,137.2,70.6294556116639
1364,137.4,70.60594875787731
1365,136.3,70.17471054446892
1366,135.64,70.58123263304488
1367,136.48,70.95413730008981
1368,137.26,70.40676387961597
1369,136.02,70.4634628726122
1370,136.58,70.39633229082321
1371,138.18,71.04496885775936
1372,137.9,71.01105547729871
1373,137.52,71.00063098311168
1374,135.66,71.53002446525517
1375,135.72,71.44453513040729
1376,136.82,72.1078886114411
1377,136.38,71.282224993332
1378,136.22,71.79924512137995
1379,135.44,71.2803366995415
1380,137.12,71.84640283270976
1381,136.9,71.7819615223769
1382,135.74,70.71571536794347
1383,134.82,72.36150634142436
1384,134.94,72.54527138277174
1385,136.26,71.69262444631245
1386,134.78,71.89806395168092
1387,134.9,72.48041114673671
1388,133.46,73.06961338340307
1389,136.64,72.80597777655348
1390,137.42,73.166683675017
1391,137.0,73.22895602150832
1392,137.14,73.33103299422422
1393,137.52,72.5686543901704
1394,135.78,72.98089887086893
1395,135.32,73.09567429061721
1396,135.3,72.75829849577296
1397,133.58,74.89995727635632
1398,132.62,74.43813270092149
1399,132.08,73.59452153523384
1400,132.42,73.6277366214662
1401,130.88,74.85603248903857
1402,132.12,73.13566571789717
1403,134.32,71.985398519422
1404,134.8,72.41160128045783
1405,135.02,72.7773288875045
1406,131.12,72.47555173987986
1407,132.26,72.04160187003063
1408,132.54,71.43646407822828
1409,133.98,71.79038654304628
1410,132.78,71.47119419738276
1411,132.44,70.3997613632319
1412,130.24,72.84272372721932
1413,128.82,73.65940265845222
1414,128.52,73.5481447760581
1415,129.1,72.97348833651844
1416,128.82,73.50610586883239
1417,129.64,72.63270888518477
1418,131.0,73.10895977922269
1419,129.84,71.02995424467059
1420,134.54,72.9216593338358
1421,135.2,73.32284773520463
1422,134.6,72.81291094304635
1423,132.7,72.41167033013396
1424,133.4,73.00082191318126
1425,134.1,72.3732685457828
1426,133.64,72.27081291918611
1427,134.9,72.27869672317007
1428,134.78,72.1185939962781
1429,134.38,72.47451690077
1430,135.06,72.46665716037961
1431,134.84,72.1455085227071
1432,131.28,71.86015307526141
1433,131.74,72.54345180648632
1434,129.78,72.73136599844666
1435,131.24,74.04446231825847
1436,126.66,73.31810417625377
1437,128.9,73.15360551606462
1438,129.8,72.42016293823151
1439,128.28,72.67985690684868
1440,129.6,71.92468282863678
1441,129.08,73.07170177298464
1442,130.12,73.20481951347192
1443,133.56,73.59161908804562
1444,130.92,73.07498614437092
1445,132.36,73.37050088421095
1446,131.88,72.52300048949989
1447,133.14,73.14697806471573
1448,132.38,73.56246053524856
1449,134.7,73.20006830597906
1450,133.18,72.27549792287842
1451,135.12,72.79742852601319
1452,136.48,71.49887831287982
1453,135.52,71.53495369398098
1454,135.5,71.77694615961312
1455,133.52,73.94463875089255
1456,132.58,72.37267163784962
1457,133.42,72.82447116182858
1458,131.44,72.24075304147928
1459,134.22,73.16673834468774
1460,132.36,72.20270355049041
1461,133.8,70.69144219776535
1462,134.04,71.06587366662002
1463,136.14,72.23378987703748
1464,136.4,71.34199324381119
1465,138.42,72.55951763896998
1466,130.94,73.94116850577898
1467,133.9,74.42694404582254
1468,134.9,74.21354323841436
1469,136.3,74.12725544629318
1470,135.68,74.38291201613445
1471,135.28,74.44972531849933
1472,134.86,73.46128504185042
1473,135.56,73.26367722138984
1474,134.88,73.53111994251141
1475,134.82,73.7215545142667
1476,136.56,73.3479815673206
1477,134.98,72.92173612853713
1478,134.02,72.34624800222885
1479,136.1,73.52312561364623
1480,136.3,73.53509366282196
1481,137.44,73.16642946051148
1482,138.88,74.1769883454431
1483,134.32,72.88002195389353
1484,136.22,74.20762494514969
1485,137.02,73.70766310228537
1486,137.16,74.06898406215652
1487,137.64,73.81619334536288
1488,136.36,73.65915014443218
1489,136.34,72.8215929515415
1490,135.94,72.395969501071
1491,138.78,74.09974089023521
1492,137.76,73.03795177851033
1493,138.78,71.98674600230237
1494,137.58,72.69995598348048
1495,136.28,72.9369700494886
1496,135.3,72.84236404730422
1497,135.96,73.22484824156346
1498,134.9,72.30829827896655
1499,134.18,72.6951690279347
1500,136.06,71.98594585056172
1501,134.1,73.61175177918264
1502,134.42,73.3242361023966
1503,134.86,73.70047761039271
1504,138.68,74.01984598741073
1505,136.7,72.827261379239
1506,139.08,73.49635092982506
1507,138.64,73.085090134719
1508,140.04,73.31819965056427
1509,139.84,73.35049011424532
1510,138.3,73.24131347811836
1511,140.66,73.63303878015631
1512,142.08,73.40322608714143
1513,140.34,73.21737771868098
1514,141.0,72.75520599929602
1515,142.16,72.6711387003121
1516,141.52,73.34554928555652
1517,142.54,72.40779239833236
1518,144.66,71.68615207974273
1519,144.04,72.16396884872675
1520,144.56,71.98059738568445
1521,145.02,72.30891784558807
1522,143.68,72.41144660894437
1523,142.36,71.4007731050582
1524,144.24,72.39766847074567
1525,144.34,72.44324951298087
1526,140.38,73.90369138277194
1527,140.08,74.05156041569953
1528,139.24,73.6913997695796
1529,140.52,73.52067464325934
1530,140.62,73.88907632390597
1531,140.76,74.21470474238916
1532,140.42,73.57447655267414
1533,140.08,75.4590856027291
1534,136.72,74.05674581022312
1535,135.12,74.11198013816659
1536,138.6,73.97431986845166
1537,139.08,75.28740664945231
1538,139.08,76.15585072730786
1539,139.24,76.6301663837421
1540,137.32,75.75999999999999
1541,138.64,76.24060860197798
1542,138.58,76.54020904073886
1543,134.6,77.43177642286143
1544,134.46,77.43906249432519
1545,134.54,76.91897295206171
1546,135.46,77.342668689411
1547,135.86,77.77069113747156
1548,135.16,77.83350435384494
1549,135.46,77.90384072688583
1550,130.72,75.8585631290232
1551,132.3,77.16508277712141
1552,133.48,77.115300686699
1553,134.8,78.05869586407398
1554,134.88,77.09958235943954
1555,133.98,76.26388135939581
1556,134.06,76.70786400363393
1557,135.58,77.32737936850052
1558,136.54,77.02758207291723
1559,135.5,77.35612451512809
1560,136.0,78.01974109159809
1561,137.12,77.79245207602087
1562,136.6,78.2526676861562
1563,137.08,77.74647001632938
1564,135.6,78.04665271489867
1565,135.92,77.16756831726653
1566,137.18,75.75135378328234
1567,135.72,76.00264205933897
1568,136.04,75.34824749123234
1569,136.58,75.92999143948325
1570,137.32,75.69978599705549
1571,137.3,75.96663741406488
1572,135.12,74.94868644612792
1573,136.52,75.93819592273704
1574,137.54,74.92962298050084
1575,137.54,74.61614034510228
1576,139.7,74.85833286949423
1577,141.5,74.91014617526787
1578,139.56,75.39738987524701
1579,141.16,74.88854652081316
1580,142.46,74.60273721519873
1581,142.78,74.16449015532973
1582,145.98,73.39686369321238
1583,145.04,73.1302837407322
1584,144.1,72.58767112946933
1585,143.4,73.13248252315795
1586,142.8,73.69721840069677
1587,144.04,73.76149673101817
1588,144.18,73.60752407193165
1589,143.08,73.63799019527896
1590,143.4,74.13959805663909
1591,141.82,74.64923040460631
1592,143.06,74.60895656688947
1593,143.1,74.2738850471685
1594,143.56,74.52359626319708
1595,143.6,73.80189699458953
1596,144.1,73.87807523210114
1597,144.52,74.25610816626465
1598,144.58,74.35915276548005
1599,143.84,73.72010851863962
1600,144.44,73.8845477755667
1601,144.16,74.1933581933046
1602,143.26,73.84167116202072
1603,143.48,73.85180837325514
1604,145.2,74.7818159715315
1605,143.06,74.02470128274751
1606,143.64,74.51785289445742
1607,139.06,75.57867688706914
1608,138.54,75.41915141394792
1609,139.0,76.04498668551399
1610,140.12,76.42529424215522
1611,141.4,76.42512675815462
1612,139.9,75.23463298242372
1613,140.86,76.08784659852057
1614,140.68,75.43459153465336
1615,141.84,76.12893273913669
1616,141.22,75.87286471460003
1617,140.52,76.04873174484896
1618,141.3,75.87496293244564
1619,142.04,75.9433894423998
1620,141.28,76.49340886638535
1621,142.54,76.34034582054234
1622,142.26,76.04598871735445
1623,140.8,76.0589245256597
1624,140.6,75.55077762670614
1625,141.5,76.10236527204657
1626,141.86,76.06865583142637
1627,141.96,76.32822806799591
1628,140.98,75.37917218967054
1629,140.76,75.41075785324
1630,139.76,75.76319951005239
1631,139.92,75.32272963720845
1632,140.84,75.87103795256792
1633,139.82,75.19353429650717
1634,139.22,74.93765141769525
1635,138.52,74.93470224135145
1636,139.74,74.31549232831605
1637,139.18,74.80526452062048
1638,140.14,75.17925511735271
1639,142.12,75.73417722534522
1640,143.44,76.02082872476466
1641,143.26,76.33211905875537
1642,143.2,75.66795887296021
1643,142.0,76.20236216811129
1644,143.82,76.28202671665193
1645,142.34,76.53355081269912
1646,142.66,75.99542354642152
1647,143.16,76.37522111260955
1648,143.86,76.55612581629245
1649,142.34,75.99200221075897
1650,141.8,75.55766010140863
1651,140.42,75.02721906081817
1652,140.3,75.31407570965733
1653,140.92,75.04927448017068
1654,140.2,74.96612568353792
1655,140.0,75.21967827636595
1656,143.02,75.23576011445621
1657,142.48,75.46555240637944
1658,144.06,75.53817842654138
1659,142.22,76.62748593031093
1660,143.98,75.40384340337037
1661,142.06,76.56197750842122
1662,140.92,77.68213179361133
1663,138.58,76.97040730046841
1664,138.48,76.88178978145608
1665,136.48,77.74528667385566
1666,136.98,78.03345180113463
1667,138.04,78.64781242984449
1668,134.42,80.23143772861108
1669,133.54,79.16797584882413
1670,136.74,78.52918183707251
1671,138.02,78.85797106190346
1672,137.32,79.12659224306326
1673,138.02,77.62306100637879
1674,139.98,76.6588520654986
1675,139.48,76.99798438920332
1676,138.86,76.93140061119387
1677,139.22,77.34786099175597
1678,137.66,77.09179204039816
1679,136.92,77.05007203111496
1680,135.54,78.4189288373668
1681,132.0,78.16828001177971
1682,134.96,78.03254705569977
1683,129.34,78.47359046201467
1684,131.94,77.9526548617813
1685,134.88,78.2814511873662
1686,134.54,78.44978266381622
1687,132.36,78.07964139261912
1688,134.38,77.34181016759302
1689,133.72,77.78432747025586
1690,134.1,77.86918517616577
1691,134.26,78.36856767862993
1692,132.32,77.99318944625873
1693,135.88,78.63170861681691
1694,132.06,77.95316799207075
1695,132.76,78.08753037457389
1696,132.4,77.80282771210824
1697,131.56,76.8601743427635
1698,129.4,78.01845935418103
1699,127.14,77.88068053118178
1700,126.44,76.94885574197968
1701,127.34,77.75952931956314
1702,127.0,79.50874165775735
1703,127.42,79.60354012228349
1704,125.96,78.22811770712624
1705,122.88,78.4177632937844
1706,126.08,78.87428985417237
1707,128.04,78.73016194572448
1708,129.22,78.82265917869047
1709,132.16,78.46995858288702
1710,130.52,78.3125124102145
1711,129.84,80.51418756964513
1712,130.08,79.32007060006941
1713,132.54,78.51323710050427
1714,133.24,78.78694308069073
1715,132.72,77.26552659498283
1716,132.1,76.72190039356428
1717,132.92,77.80689943700366
1718,133.42,78.60562066417391
1719,135.8,78.94149732555117
1720,135.38,78.59208357080249
1721,131.3,77.75840790551206
1722,130.26,78.89355106724501
1723,129.44,78.42784199504665
1724,130.68,79.2498429020525
1725,127.0,78.31832480333067
1726,129.24,78.6410986698431
1727,126.26,80.00345242550472
1728,127.3,78.81199147337924
1729,127.52,79.23666827927586
1730,129.42,80.99903456214773
1731,128.34,80.2213462863844
1732,128.3,81.19612059698417
1733,126.84,79.67141520018332
1734,124.62,78.77788776046233
1735,124.76,78.46746077196585
1736,122.44,80.23569280563356
1737,121.58,78.23300837881669
1738,121.74,79.62607864261557
1739,125.16,79.18620081807182
1740,123.56,79.02611214022866
1741,124.4,80.35745142797897
1742,122.12,78.98497072228362
1743,125.1,79.93228384076112
1744,125.24,79.9868889256233
1745,125.12,79.56522858636178
1746,126.38,80.46735735688107
1747,124.02,79.41070204953488
1748,123.84,78.56522385890592
1749,123.38,79.08726572590558
1750,122.26,79.52303062635377
1751,125.5,80.84138791485461
1752,125.26,80.74399296542127
1753,126.5,81.12712246838291
1754,124.38,79.7571037588502
1755,124.2,80.35197570688601
1756,124.24,80.84888620135716
1757,122.78,81.06251661526429
1758,124.68,81.12840193175263
1759,125.16,80.89730774259425
1760,126.24,81.05370071748729
1761,126.38,81.06414497174443
1762,126.22,81.10099629474352
1763,128.4,81.68843247363732
1764,125.22,80.51764775501084
1765,125.48,79.53495835165818
1766,126.2,79.1504895752389
1767,131.82,78.02863320602252
1768,132.86,79.04226970425381
1769,133.96,79.38537900646439
1770,134.82,79.37472897591525
1771,129.76,79.5674707402466
1772,129.9,79.41341196548602
1773,129.4,78.99594926323753
1774,130.26,78.95132931116486
1775,131.08,78.49123263142195
1776,130.0,78.63993896233643
1777,132.3,76.368645398488
1778,137.56,76.89659550331211
1779,132.88,77.98631674851684
1780,134.68,78.34116159465599
1781,133.44,77.17309375682693
1782,132.0,78.65138269604674
1783,129.92,77.83285681510093
1784,133.6,78.83755450291443
1785,129.26,76.50746630231589
1786,131.3,78.25554293467013
1787,132.04,79.40628690475336
1788,127.76,78.1546057503971
1789,128.94,77.93469317319469
1790,130.06,77.52145767463357
1791,129.06,77.92725068934486
1792,129.5,78.64737757865802
1793,128.08,79.40701228481022
1794,128.42,78.21536677661238
1795,128.3,77.0815801602432
1796,126.58,77.87787619086694
1797,127.6,77.26189228850144
1798,124.82,78.87222324747793
1799,125.92,79.25019621426814
1800,125.14,79.59221318696949
1801,124.3,80.43413454498038
1802,125.14,80.02899724474872
1803,129.76,79.29200716339572
1804,130.3,78.14684894479109
1805,133.58,77.95385558136302
1806,132.06,79.23873042900172
1807,132.96,79.43650546190963
1808,131.46,78.87869420825878
1809,132.56,79.0590058121148
1810,130.58,78.55955447938844
1811,130.98,78.51738406238454
1812,130.12,79.50412316351901
1813,133.84,80.27935226445217
1814,130.44,80.4646903927431
1815,129.12,80.41458574164267
1816,129.2,80.88535096047983
1817,130.26,80.22787794775579
1818,128.86,80.82871024580315
1819,128.54,80.1371848769346
1820,128.88,80.92728588059778
1821,129.42,79.68088603925035
1822,124.56,78.92456144952597
1823,125.02,79.61846268297322
1824,124.92,81.3350699268157
1825,125.12,80.84470050658858
1826,125.28,79.95674830806963
1827,124.42,80.24564536471743
1828,124.6,80.58808844984475
1829,126.38,79.84532296885023
1830,128.7,79.86795352329995
1831,126.18,80.05340467462956
1832,123.88,80.80065346270415
1833,124.36,80.13931868939241
1834,126.7,80.08901297930946
1835,126.76,79.39837781718212
1836,126.54,80.4574943681445
1837,126.12,81.01102147238979
1838,126.5,81.12860161496684
1839,128.78,81.0805254053031
1840,129.32,80.51495264856088
1841,129.18,80.88008160233272
1842,128.98,80.73920732828631
1843,129.04,80.7036455186505
1844,127.62,81.7424956800317
1845,126.92,81.43582504033466
1846,127.68,80.48638145674084
1847,129.78,78.92535460800921
1848,130.94,79.93082259053763
1849,126.66,79.61522718676375
1850,125.18,80.95843130891309
1851,128.24,81.02087632209364
1852,126.04,81.48692165004148
1853,126.24,80.27965121996982
1854,127.1,80.35427804417137
1855,126.42,81.40272477012059
1856,127.12,81.25629575608278
1857,125.14,80.72149899500133
1858,127.12,81.06087588966699
1859,127.1,80.3286374837766
1860,127.98,80.50800953942408
1861,127.9,78.16373839575482
1862,131.86,78.41734757054714
1863,133.86,78.84060121536362
1864,133.68,79.07779460758881
1865,131.16,81.34109908281299
1866,131.06,81.47132256199112
1867,130.78,80.65613181897582
1868,130.94,80.17765524134514
1869,131.92,79.31275811620726
1870,129.84,79.74443178053247
1871,127.76,79.7590270753098
1872,129.66,80.74121871757943
1873,128.54,80.31393652411764
1874,129.74,80.16203839723639
1875,134.66,79.42407947216009
1876,132.58,79.4491258605153
1877,130.36,80.05442148938434
1878,129.82,80.60637443775771
1879,129.44,80.77652134129075
1880,129.06,81.53561430442528
1881,129.62,81.171396439879
1882,129.8,80.12065900877253
1883,133.34,80.42974822787895
1884,132.6,80.83316151184486
1885,133.56,80.96398211550616
1886,133.46,80.87551174490336
1887,132.78,81.1756835511719
1888,132.28,80.05748934359607
1889,130.94,80.45331814164038
1890,130.88,80.77069765700926
1891,132.14,80.98493934059596
1892,132.96,81.08636383511102
1893,133.02,81.28086859772108
1894,132.1,80.24593447645806
1895,132.1,81.03338818042846
1896,132.98,80.78997215001375
1897,134.1,80.39284794059726
1898,133.0,79.95598789334042
1899,135.02,79.66316338182912
1900,133.1,78.96587870719858
1901,132.62,79.14945104042097
1902,133.36,78.92116572884615
1903,134.86,78.17979534380989
1904,136.2,78.78350081076621
1905,135.36,78.47311896439444
1906,135.12,78.25998722207918
1907,135.82,79.1549594150613
1908,135.68,79.25034763330694
1909,136.98,79.49955723147144
1910,136.26,79.30039344164695
1911,136.1,79.24727124639689
1912,135.06,79.31012797871402
1913,135.18,78.71916920293305
1914,135.24,78.88106490153386
1915,137.48,79.52816859453009
1916,136.94,79.67042362131636
1917,136.02,79.1880016164065
1918,135.9,79.26089830427108
1919,134.78,78.86147094747851
1920,135.22,78.55909622698063
1921,135.12,78.87931034181268
1922,134.32,78.562698527991
1923,134.56,78.94483136976099
1924,135.24,79.32857240616396
1925,132.7,78.43194502242056
1926,130.62,78.73624070274123
1927,133.22,78.27011945819424
1928,133.3,77.74117313238847
1929,130.58,79.23233935710847
1930,130.06,78.48245918675079
1931,130.72,79.05973437850649
1932,133.18,78.56352588828992
1933,134.66,78.54059077954534
1934,134.66,78.60295414295828
1935,133.16,77.83401826964865
1936,134.88,78.97053627777893
1937,131.64,79.56173954860463
1938,131.52,79.68468861707373
1939,131.62,78.97237238427122
1940,132.12,79.22288558238712
1941,134.42,79.42017124131627
1942,131.2,79.12395338960259
1943,131.34,79.00420495138219
1944,130.02,77.55294707488558
1945,134.24,78.3493611971406
1946,132.12,78.28068471851789
1947,130.08,81.00909578559681
1948,128.58,78.41838814971906
1949,131.44,80.2705824072555
1950,130.88,79.49456333611754
1951,131.0,79.9944998109245
1952,132.32,79.67796182132173
1953,133.38,79.03996204452531
1954,128.5,80.09151016181428
1955,129.14,79.87240074018058
1956,130.42,79.86515886167133
1957,131.88,79.12891759653989
1958,128.92,78.91510375080298
1959,131.64,79.93166081097027
1960,130.74,79.72999686441736
1961,131.46,80.3002391030064
1962,130.34,79.74951034332439
1963,131.92,79.61478254696173
1964,131.32,80.50725184727149
1965,129.22,79.39402748318037
1966,131.4,79.67509021017797
1967,131.92,79.8463123757134
1968,129.84,79.51738426281386
1969,129.86,79.19621455600007
1970,132.48,80.0610367157458
1971,131.44,78.94229791436274
1972,130.44,79.6070750624591
1973,129.36,79.45256698181626
1974,130.34,78.81081397879356
1975,132.64,79.47647702307898
1976,132.88,79.42408702654376
1977,130.78,79.2121935057981
1978,134.2,79.51477850060326
1979,132.46,79.24347544119956
1980,132.82,79.0259931921137
1981,132.74,79.55999245852152
1982,134.78,79.68294422271305
1983,135.06,78.71579511127356
1984,133.72,78.26290053403338
1985,134.58,78.94582699547834
1986,135.8,78.7349985711564
1987,134.72,78.63816884948426
1988,135.86,79.28657137245877
1989,135.64,79.34198384209962
1990,136.52,78.60998409871357
1991,136.22,78.88074289711021
1992,138.26,79.8680937546402
1993,136.0,79.71072700709736
1994,136.44,79.61461172423063
1995,135.14,79.07363909673059
1996,135.88,79.53732205700668
1997,135.38,79.12872803223871
1998,135.58,79.78297813443668
1999,134.12,79.03154813111027
